Portable SSD,Bluetooth Headset,Wireless Mouse,Surge Protector
Flash Drive,Gaming Mouse,External HDD,4K Monitor,Surge Protector
Conference Webcam,Ergonomic Chair
NAS Storage,Desk Lamp,Monitor,Webcam,Wireless Mouse
Webcam,HDMI Cable,Inkjet Printer,Cooling Pad,Gaming Headset
Ergonomic Chair,Gaming Headset,Portable SSD
NAS Storage,Mechanical Keyboard,External HDD,HDMI Cable
Printer,HDMI Cable,Smartphone Stand,Cooling Pad,NAS Storage
Conference Webcam,Printer
Flash Drive,HDMI Cable,NAS Storage,Printer,Headset
HDMI Cable,Webcam,Laptop Stand,Bluetooth Headset
Headset,Ergonomic Chair
Inkjet Printer,Mechanical Keyboard,Bluetooth Headset
NAS Storage,Gaming Headset,Bluetooth Headset
External HDD,Conference Webcam,Flash Drive
HDMI Cable,Surge Protector,Conference Webcam
Laptop Stand,Gaming Mouse,Surge Protector,USB Cable,Desk Lamp
Flash Drive,Surge Protector,Smartphone Stand,Cooling Pad
Surge Protector,Conference Webcam
Portable SSD,External HDD,Keyboard
HDMI Cable,Webcam,NAS Storage
Flash Drive,Portable SSD,USB Cable,Webcam
Inkjet Printer,Webcam,Surge Protector
Keyboard,Headset,Ergonomic Chair,Printer
External HDD,Wireless Mouse,Bluetooth Headset,Desk Lamp,NAS Storage
Surge Protector,Smartphone Stand,Wireless Mouse,USB Cable
External HDD,HDMI Cable,NAS Storage
Conference Webcam,Printer,Headset
Flash Drive,Ergonomic Chair
Printer,USB Cable,Surge Protector,Gaming Mouse,Headset
Conference Webcam,HDMI Cable,External HDD,Mechanical Keyboard
Flash Drive,4K Monitor,Webcam,Ergonomic Chair
Ergonomic Chair,Printer,Portable SSD
Monitor,Portable SSD,Gaming Mouse,Ergonomic Chair
4K Monitor,Headset,HDMI Cable,Wireless Mouse
Conference Webcam,USB Cable,External HDD,Inkjet Printer,Monitor
Surge Protector,NAS Storage,Smartphone Stand
Conference Webcam,External HDD,NAS Storage
Monitor,4K Monitor,Conference Webcam,Gaming Mouse,NAS Storage
Bluetooth Headset,Printer,Headset
